cyberkongz,0x57a204AA1042f6E66DD7730813f4024114d74f37
cyberkongz-vx,0x7EA3Cca10668B8346aeC0bf1844A49e995527c8B
chubbies,0x1DB61FC42a843baD4D91A2D788789ea4055B8613
bastard-gan-punks-v2,0x31385d3520bCED94f77AaE104b406994D8F2168C
hashmasks,0xC2C747E0F7004F9E8817Db2ca4997657a7746928
acclimatedmooncats,0xc3f733ca98E0daD0386979Eb96fb1722A1A05E69
dystopunks,0xbEA8123277142dE42571f1fAc045225a1D347977
niftydudes,0x892555e75350e11f2058d086c72b9c94c9493d72
thealienboy,0x4581649af66bccaee81eebae3ddc0511fe4c5312
niftydegen,0x986aea67C7d6A15036e18678065eb663Fc5BE883
woodies-generative,0x134460d32fc66a6d84487c20dcd9fdcf92316017
srsc,0xd21a23606d2746f086f6528cd6873bad3307b903
goonsofbalatroon,0x8442dd3e5529063b43c69212d64d5ad67b726ea6
foxfam,0x7cba74d0b16c8e18a9e48d3b7404d7739bb24f23
gorillanemesis,0x984eea281bf65638ac6ed30c4ff7977ea7fe0433
bored-mummy-waking-up,0xf621b26ce64ed28f42231bcb578a8089f7958372
topdogbeachclub,0x6f0365ca2c1dd63473f898a60f878a07e0f68a26
thewickedcraniums,0x85f740958906b317de6ed79663012859067e745b
sodativity,0xb184b9414e7d7c436b7097ed2c774bb56fae392f
thegoobers,0x000e49c87d2874431567d38ff9548890ab39baac
spacepoggers,0x4a8b01e437c65fa8612e8b699266c0e0a98ff65c
guppygang,0xbe0d6bc297d85a41a75173932e9db9c19ddda523
skvllpvnkz-hideout,0xb28a4fde7b6c3eb0c914d7b4d3ddb4544c3bcbd6
grillzgang,0xbd9071b63f25dd199079ed80b3b384d78042956b
maisondegoat,0x3eacf2d8ce91b35c048c6ac6ec36341aae002fb9
lostboy-nft,0xc1a1e381389cb927f1d57511e144b644ef0c6385
warriors-of-aradena,0xef9c21e3ba31a74910fc7e7cb3fc814ad842ad6e
junkyarddogs,0x91673149ffae3274b32997288395d07a8213e41f
bullsontheblock,0x3a8778a58993ba4b941f85684d74750043a4bb5f
g-evols,0x34b4df75a17f8b3a6eff6bba477d39d701f5e92c
